original, substitute
AERO BLUE,	BLÅ
AERO PINK,	ROSA
Above Ocean,	BLÅ
Abstract Dot Blue,	BLÅ
Abstract Dot Mustard,	Gul
Abstract Dot Sand,	Gul
Adobe,	Brun
Adobe rose,	ROSA
Adventsbok,	Flerfärgat
Aero Club,	Flerfärgat
Agave Green,	Grön
Ailes de Papillon,	Orange
Air Black,	Svart
Air France,	BLÅ
Air Silver,	Grå
Airplane,	BLÅ
Aktivitetsbok,	Flerfärgat
Alfons,	Brun
All Black,	Svart
All Navy,	BLÅ
All Together,	ROSA
Almond Beige,	Brun
Alpaca,	ROSA
Aluminum,	Svart
Amalfi,	BLÅ
Amber Gold,	Guld
Amparo Blue,	BLÅ
Amparo blue,	BLÅ
Ananas,	Gul
Anchors,	Grå
Anchors Way,	Flerfärgat
Anil,	Rosa
Animal,	Flerfärgat
Animals on Board,	Flerfärgat
Anka,	Flerfärgat
Anthacite Black,	Svart
Anthracite,	Svart
Anthracite Black,	Svart
Anthrazit,	Svart
Antikrosa,	ROSA
Antique Creme,	Brun
Antique Silver,	Silver
Antracie,	Grå
Antracitgrå,	Grå
Apa,	Brun
Aprikos,	ROSA
Aqua,	BLÅ
Aqua Splash,	BLÅ
Aquarium,	BLÅ
Arabian Spice,	Orange
Arctic Blue,	BLÅ
Arctic Mix,	Beige
Army Jr,	Grön
Ash rose,	ROSA
Ashley Blue,	BLÅ
Ashley blue,	BLÅ
Aspen Gold,	Guld
Aspen gold,	Guld
Asphalt,	Grå
Astronaut,	Vit
Atomic blue,	BLÅ
Aubergine,	Violett
Authentic Black,	Svart
Authentic Cognac,	Brun
Authentic Graphite,	Grå
Authentic Grey,	Grå
Authentic Red,	Röd
Autumn Gold,	Guld
Aviator Black,	Svart
Avokado,	Grön
Awesome Doodles,	Flerfärgat
Azure,	BLÅ
BLACK,	Svart
BLACK/ANTHRACITE,	Svart
BLACK/ANTHRACITE-W,	Svart
BLACK/BLACK,	Svart
BLACK/BLACK-BLACK,	Svart
BLACK/METALLIC GOL,	Svart
BLACK/PURE PLATINU,	Svart
BLACK/TRUE WHITE,	Svart
BLACK/WHITE,	Svart
BLACK/WHITE-ANTHRA,	Svart
BLACK/WOLF GREY-DA,	Svart
Babba,	Brun
Baby Blue,	BLÅ
Baby Pink,	ROSA
Babyalbum,	Vit
Babyprint,	Flerfärgat
Babyrosa,	ROSA
Badger,	BLÅ
Baked Apple,	Röd
Ballerina,	ROSA
Ballerina på Scen,	BLÅ
Ballet,	ROSA
Ballong Grön,	Grön
Ballong Rosa,	ROSA
Balloon,	Beige
Bambi,	ROSA
Bamse,	Flerfärgat
Bamse Vit,	Vit
Bamse och Brummelisa,	Röd
Bamse och Lilleskutt,	Grön
Banana,	ROSA
Bananas,	Gul
Barely Pink,	ROSA
Barely pink,	ROSA
Barnrum,	Vit
Baroque Rose,	ROSA
Basfärger,	Flerfärgat
Basic,	Flerfärgat
Basket & Blanket,	Beige
Beach Buggy,	Vit
Bean bag,	Brun
Bear Trail,	Flerfärgat
Beech Wood,	Beige
Beet Red,	Röd
Beetle,	Röd
Beige,	Beige
Beige Melange,	Beige
Beige/Gul,	Gul
Beige/Vit,	Vit
Beigemelerad,	Beige
Bella Enhörning,	Vit
Benny the Cat,	Grå
Bernhard Bee,	Gul
Berry,	ROSA
Berry Pink,	ROSA
Berättelser, rim och sånger för de minsta,
Bi,	Flerfärgat
Bibbi,	Flerfärgat
Big Dot,	Flerfärgat
Big Dot Green,	Grön
Big Splash,	Svart
Bil,	Flerfärgat
Bilar,	Svart
Bilar Blå,	BLÅ
Birdsong,	Flerfärgat
Björn,	Flerfärgat
Björn Grå,	Grå
Björn Sea Blue,	BLÅ
Black,	Svart
Black Cab,	Svart
Black Carbon,	Svart
Black Chic,	Svart
Black Collar,	Svart
Black Diamond,	Svart
Black Dots,	Vit
Black Forest,	Grön
Black Ink,	Svart
Black Iris,	Svart
Black Jr,	Svart
Black Kettle,	Svart
Black Lime,	Grön
Black Melange,	Svart
Black Moon,	Svart
Black Of The Same Stripes,	Svart
Black Plum,	Svart
Black Shadow,	Svart
Black Spot On,	Svart
Black Sprinkles,	Svart
Black and White Stripe,	Svart
Black cab,	Svart
Black golden collection,	Svart
Black melange,	Svart
Black on Black,	Svart
Black-Black Melange,	Svart
Black-Navy Melange,	Svart
Black/Charcoal,	Svart
Black/Grey,	Svart
Black/Grey Melange,	Svart
Black/Light Grey,	Svart
Black/Lime,	Svart
Black/Super Blue,	Svart
Black/White,	Svart
Black/White Stripe,	Svart
Black/grey,	Svart
Blackberry Wine,	Svart
Blandade,	Flerfärgat
Blandade färger,	Flerfärgat
Blixten McQueen,	Röd
Blomma,	Flerfärgat
Blossom,	ROSA
Blossom Pink,	ROSA
Blu,	BLÅ
Blue,	BLÅ
Blue Bonnet,	BLÅ
Blue Deep,	BLÅ
Blue Denim,	BLÅ
Blue Fog,	BLÅ
Blue Fox,	BLÅ
Blue Haze,	BLÅ
Blue Heaven,	BLÅ
Blue Leo,	BLÅ
Blue Marble,	BLÅ
Blue Melange,	BLÅ
Blue Mini Bunny,	BLÅ
Blue Mix,	BLÅ
Blue Mountain,	BLÅ
Blue Night,	BLÅ
Blue Nights,	BLÅ
Blue Sapphire,	BLÅ
Blue Shadow,	BLÅ
Blue Sky,	BLÅ
Blue Surf,	BLÅ
Blue Wave,	BLÅ
Blue bonnet,	BLÅ
Blue denim,	BLÅ
Blue dream,	BLÅ
Blue grotto,	BLÅ
Blue haze,	BLÅ
Blue horizon,	BLÅ
Blue mix,	BLÅ
Blue nights,	BLÅ
Blue sapphire,	BLÅ
Blue surf,	BLÅ
Blue/Grey,	Grå
Blue/Reflective,	BLÅ
Blue/Silver,	BLÅ
Blue/Silver dots,	BLÅ
Blueberry,	Blåbär
Blueberry Milk,	Blåbär
Bluebird,	BLÅ
Bluebrid,	BLÅ
Bluejay,	BLÅ
Blueprint,	BLÅ
Blush,	ROSA
Blush Pink,	ROSA
Blush Rose,	ROSA
Blusher,	ROSA
Bläckfisk,	Vit
Blå,	BLÅ
Blå Bilar,	BLÅ
Blå Björn,	BLÅ
Blå Blue,	BLÅ
Blå Blue Sky,	BLÅ
Blå Camoflage,	BLÅ
Blå Deep Blue,	BLÅ
Blå Elefant,	BLÅ
Blå Hund,	BLÅ
Blå Kanin,	BLÅ
Blå Multiprick,	BLÅ
Blå Panda,	BLÅ
Blå Rand,	BLÅ
Blå Randig,	BLÅ
Blå Silverprickar,	BLÅ
Blå Slue Sky,	BLÅ
Blå Stjärna,	BLÅ
Blå Stjärnor,	BLÅ
Blå Turkos,	BLÅ
Blå Vallarta,	BLÅ
Blå box,	BLÅ
Blå flaska & napp,	BLÅ
Blå mix,	BLÅ
Blå/Creme,	BLÅ
Blå/Grå,	BLÅ
Blå/Grön,	BLÅ
Blå/Gul,	BLÅ
Blå/Natur/Grön,	BLÅ
Blå/Turkos,	BLÅ
Blå/Vit,	BLÅ
Blå/silver,	BLÅ
Blå/silver dots,	BLÅ
Blå/silverprickar,	BLÅ
Blåbär,	Blåbär
Boats on Blue,	BLÅ
Boats on waves,	BLÅ
Bobbo,	Röd
Bok,	Flerfärgat
Bok och kubpussel,	Flerfärgat
Bondgrådsdjur,	Flerfärgat
Bondgård,	Flerfärgat
Bondgården,	Flerfärgat
Bondgårdsdjur Rosa,	ROSA
Bone Brown,	Brun
Boost,	Flerfärgat
Bow Collection,	Rosa
Bowtie Stripe,	Grå
Brandied Apricot,	Grå
Brave Blue,	BLÅ
Breeze Blue,	BLÅ
Bright Green,	Grön
Bright White,	Vit
Bright White Cherries,	Vit
Bright salmon,	Rosa
Bright white,	Vit
Brilliant Black,	Svart
Brilliant White,	Vit
Brilliant black,	Svart
Bronze Brown,	Brun
Brown,	Brun
Brown Carbon,	Brun
Brown Melange,	Brun
Brun,	Brun
Brun/Orange,	Brun
Brun/Vit,	Brun
Brunch Terry,	Glu
Bubble Grum,	ROSA
Bubblegum,	ROSA
Bubblegum pink,	ROSA
Bubbles,	ROSA
Bubbly Sandy,	Beige
Build curve,	Flerfärgat
Build fold up,	Flerfärgat
Bunny/Dandelion,	Grön
Burgundy,	Violett
Burgundy Red,	Röd
Burlwood,	ROSA
Burned Clay,	Brun
Burned Clay Eye,	Brun
Burnished Lilac,	Lila
Burnt Russe,	Röd
Burnt Sienna,	Röd
Burnt henna,	Röd
Bush green,	Grön
Busiga Ögon,	Flerfärgat
Buttefly Bloom,	BLÅ
Butterfly Bloom,	BLÅ
Butterscotch,	Beige
CBLACK/FTWWHT/CBLA,	Svart
COLLEGIATE BURGUND,	Röd
CORE BLACK,	Svart
Cabernet,	Röd
Cactus Leaf,	Grön
Calypso Coral,	ROSA
Calypso coral,	ROSA
Calyso coral,	ROSA
Camel,	Beige
Cameo Rose,	Rosa
Camilla Lundsten,	Grön
Camo,	Grön
Camo green,	Grön
Campanula,	BLÅ
Candy Pink,	ROSA
Candy pink,	ROSA
Cantaloupe,	Gul
Canteloupe,	Gul
Car Family,	Grå
Car Wave Blue,	BLÅ
Caramel Puppy,	Beige
Caravan,	ROSA
Carbon,	BLÅ
Cars,	Flerfärgat
Cashmere Beige,	Beige
Cat,	ROSA
Cat Dark Rose,	ROSA
Cat Rose,	ROSA
Catboy,	BLÅ
Cathay Spice,	Brun
Cats,	Flerfärgat
Cave Camo,	BLÅ
Caviar,	Svart
Caviar Silver,	Silver
Celestial Blue,	BLÅ
Celestial Stars,	Grå
Cerise,	ROSA
Chaffinchs,	ROSA
Champagne,	Beige
Change the World,	Vit
Charcoal Black,	Svart
Charcoal Denim,	Svart
Charcoal With Silver,	Silver
Charmtroll Blå,	BLÅ
Charmtroll Rosa,	ROSA
Cherry,	Röd
Cherry Wine,	Röd
Chevron,	Grå
Chilli,	Röd
China Blue,	BLÅ
Chocolate,	Brun
Chocolate Bow,	Brun
Chrome,	Grå
Chrome Black,	Svart
Chrome Brun,	Brun
Chrome Svart,	Svart
Chrome brun,	Brun
Cinnamon,	Brun
Cinnamon brown,	Brun
Circus,	Flerfärgat
Cirkel,	BLÅ
Cirkus,	Röd
Citadel,	BLÅ
Citron,	Gul
City,	Grå
Claret Red,	Röd
Claret red,	Röd
Classic Beige,	Beige
Classic White/Dustry Teal,	Vit
Classic blue,	BLÅ
Climbing Panda,	Vit
Cloud Blue/Cantaloupe,	BLÅ
Cloud Melange,	BLÅ
Cloud Nine,	Grå
Cloud Pink,	ROSA
Cloud/Grå,	Grå
Cloudburst,	Grå
Clover Green,	Grön
Cockatoos,	ROSA
Coco,	Beige
Coconut,	Brun
Coconut Palm-Tree,	Vit
Cognac,	Brun
Coke Melange,	Grå
Cold Outside set,	BLÅ
Colibri,	Beige
Colour line,	Flerfärgat
Confetti Sandy,	Beige
Confetti Terracotta,	Brun
Confetti Yellow,	Gul
Confetti mix,	ROSA
Cool Air Grå,	Grå
Cool Air Khakigrön,	Grön
Cool Air Ljusblå,	BLÅ
Cool Air Mesh Onyx Black,	Svart
Cool Air Mesh Svart,	Svart
Cool Air Midnattsblå,	BLÅ
Cool Air Svart,	Svart
Cool Flow Black,	Svart
Cool Flow Blue,	BLÅ
Cool Flow Silver,	Silver
Coral,	ROSA
Coral Blush,	ROSA
Coral Cloud,	ROSA
Coral Confetti,	ROSA
Coral Floral,	ROSA
Coral Lupin,	ROSA
Coral Pink,	ROSA
Coral Reef,	ROSA
Coral Rose,	ROSA
Coral Stripe,	ROSA
Coral blush,	ROSA
Cord with pile,	Brun
Coronet Blue,	BLÅ
Corydalis Blue,	BLÅ
Cosmos Black,	Svart
Cotton Candy Pink,	ROSA
Country Blue,	BLÅ
Crab Cove,	Lila
Crack,	Flerfärgat
Cranberry Pink,	ROSA
Cranberry pink,	ROSA
Cream,	Beige
Cream Gold,	Guld
Creme,	beige
Creme Kalas,	beige
Crispy Stripes,	Flerfärgat
Croco,	Grön
Crystal Grey,	Grå
Crystal Seas,	Flerfärgat
Crystal Teal,	BLÅ
Crystal grey,	Grå
Créme De Peche,	beige
Cupcake,	ROSA
Curry,	Brun
Curry Black,	Svart
Cute Doodle World,	ROSA
Cyan Blue,	BLÅ
Dadda,	Flerfärgat
Dahlia,	Violett
Daisy Chain,	Vit
Dalmatin,	Vit
Damson,	Grå
Dandelion Petrol,	BLÅ
Dark Blue,	BLÅ
Dark Blue Denim,	BLÅ
Dark Brown,	Brun
Dark Green,	Grön
Dark Grey,	Grå
Dark Grey Melange,	Grå
Dark Marine,	BLÅ
Dark Navy,	BLÅ
Dark Ocher,	brun
Dark Plum,	Lila
Dark Rose,	ROSA
Dark Rose Multi Mix,	ROSA
Dark Rose/Terracotta Mix,	ROSA
Dark Sapphire,	BLÅ
Dark Slate Black,	Svart
Dark Yellow,	Gul
Dark blue denim,	BLÅ
Dark green,	Grön
Dark grey,	Grå
Dark rose,	ROSA
Dark sapphire,	BLÅ
Dark sapphrie,	BLÅ
Dark yellow,	Gul
Darkest spruce,	Grön
Darling Pastell,	Flerfärgat
Dawn Grey,	Grå
Dazzling blue,	BLÅ
Deauville Mauve,	brun
Deco Collection,	Grön
Deep Black,	Svart
Deep Blue,	BLÅ
Deep Blush,	ROSA
Deep Lagoon,	BLÅ
Deep Lichen Green,	Grön
Deep Orchid,	ROSA
Deep Purple,	Lila
Deep Sea Yellow,	Gul
Deep purple,	Lila
Delightful Grey,	Grå
Denim,	BLÅ
Denim Blue,	BLÅ
Denim Grey,	Grå
Denim/Midnattsblå,	BLÅ
Desert,	beige
Desert Rain,	Grå
Desert Rose,	ROSA
Desert Weaves,	beige
Desert rose,	ROSA
Desert sage,	Grön
Dessert Melange,	Grå
Dessert Weaves,	beige
Diddi,	ROSA
Diidi,	Lila
Dimrosa,	ROSA
Dino,	BLÅ
Dino Dumbo Grey,	Grå
Dino Faune Green,	Grön
Dino Mix,	beige
Dinos,	BLÅ
Dinosaur,	Grön
Dinosaurie,	brun
Dinosaurieformad,	BLÅ
Dinosauriepark,	brun
Dinosaurier,	Flerfärgat
Diplodocus,	ROSA
Diving,	BLÅ
Djungel,	Flerfärgat
Djungel Tiger,	Gul
Djungeldjur,	Flerfärgat
Djur,	Flerfärgat
Djur Blå,	BLÅ
Djur Grön,	Grön
Djur Rosa,	ROSA
Doddo,	blÅ
Dog,	brun
Doktor,	Flerfärgat
Dots of Fauna,	vit
Dove,	Grå
Dove Grey,	Grå
Dragon Fly,	ROSA
Dragonfly Daze,	blÅ
Drakar,	Flerfärgat
Dream Blue,	BLÅ
Dream blue,	BLÅ
Dress Blues,	BLÅ
Dry Clay,	Grå
Dry Green,	Grön
Duck Green,	Grön
Dumbo Grey,	Grå
Dusk Blue,	BLÅ
Dusky Orchid,	ROSA
Dusty,	ROSA
Dusty Blue,	BLÅ
Dusty Coral,	Flerfärgat
Dusty Green,	Grön
Dusty Grey,	Grå
Dusty Lavender,	Grå
Dusty Olive,	Grön
Dusty Pink,	ROSA
Dusty Rose,	ROSA
Dusty pink,	ROSA
Dusty rose,	ROSA
Dynamic Grey,	Grå
Ebbe navy,	BLÅ
Ebbe navy stripes,	BLÅ
Ebony,	Svart
Eggplant/Azalea,	ROSA
Ekollon,	Flerfärgat
Ekorre,	Glu
Elderberry,	Lila
Elefant,	Grå
Elefant Mint,	Grön
Elefant Rosa,	ROSA
Elegant Blue,	BLÅ
Elephant,	Grå
Elephant Grey,	Grå
Elephantastic,	BLÅ
Eller när Ester slutade med napp,	BLÅ
Elm,	Flerfärgat
Elm Green,	Grön
Emil,	Flerfärgat
Emil Hyss,	blÅ
Emil Ida,	Grön
Emma,	beige
Empire Yellow,	Gul
En bok med flikar,	blÅ
En fyll-i-bok,	vit
En godnattsaga,	blÅ
Eng,	Flerfärgat
Enhörning,	Lila
Enhörning Pastell,	ROSA
Enhörning Rosa,	ROSA
Enhörningar,	Lila
Enhörningar och vänner,	Lila
Ensign Blue,	BLÅ
Ensign blue,	BLÅ
Essential Black,	Svart
Essential Blue,	BLÅ
Essential Graphite,	Grå
Essential Red,	Röd
Essential Graphite,	Grå
Estate Blue,	BLÅ
Estate blue,	BLÅ
Etoile Blue,	BLÅ
Etoile Rose,	ROSA
Etoile Sand,	beige
Eucalyptus,	Grön
Eucalyptus Navy Blue,	BLÅ
Eucalyptus green,	Grön
Everest Feathers,	Grön
Exp.,	Flerfärgat
Exuberance,	orange
FTWR WHITE,	Vit
FTWR WHITE/BLACK,	Vit
FTWWHT/CBLACK/FTWW,	Svart
Fabian,	Grå
Faded Denim,	blÅ
Faded Rose,	ROSA
Faience,	blÅ
Fairy,	Grå
Fall Flower,	blÅ
Fancy Pink,	ROSA
Fantastic Red,	Röd
Fantastiska Drakar,	Flerfärgat
Farm,	Flerfärgat
Farm Babies,	Flerfärgat
Fawn,	beige
Fawns Song,	Grön
Feather,	Grön
Feather Blue,	BLÅ
Feather Pink,	ROSA
Feathered Friend,	Röd
Feer,	Lila
Feldspar,	Grön
Field green,	Grön
Fiery Coral,	Röd
Findus,	Grön
Fiori,	blÅ
First crush fuchsia,	Lila
Fisk,	Flerfärgat
Fiskar,	Flerfärgat
Fjäril,	ROSA
Fjärilar,	ROSA
Flag Red,	Röd
Flamingo,	ROSA
Flerfärgad,	Flerfärgat
Fleur,	ROSA
Flicka,	Flerfärgat
Flint,	Grå
Flint Stone,	blÅ
Flip,	Flerfärgat
Flodhäst,	Grå
Flora,	Flerfärgat
Flower Garden,	blÅ
Flowers,	Lila
Foggy Dew,	Grå
Fordon,	Flerfärgat
Forest,	Grön
Forest Green,	Grön
Forest green,	Grön
Forest green/Light rose,	Grön
Forever Blue,	BLÅ
Former & siffror,	Flerfärgat
Formskuren,	blÅ
Fossil,	Grå
Fotboll,	Vit
Four Leaf Clover,	Grön
Freedom Limited Edition,	blÅ
Fresh Black Cab,	Svart
Frost,	Lila
Frost Grey,	Grå
Frost Grey-Black,	Svart
Frost Grey-Brown,	Brun
Frosty Green,	Grön
Frozen Flowers,	Flerfärgat
Fruit Salad,	Flerfärgat
Fruitstalk,	Grön
Fuchsia,	ROSA
Fuchsia Pink,	ROSA
Fuchsia Purple,	Lila
Fuschia,	ROSA
GRAPE LEAF/TRUE WH,	Grön
Galapagos,	ROSA
Gammelrosa,	ROSA
Garden Bunny,	Grå
Gecko,	Grön
Geometric Grey,	Grå
Geometric Red,	Röd
Gibraltar Sea,	blÅ
Gibraltar sea,	blÅ
Gigglin Gaby,	ROSA
Ginger,	ROSA
Gipsfigurer,	Flerfärgat
Giraff,	Brun
Giraff Grå,	Grå
Giraff och Elefant,	Glu
Giraffing Around,	Lila
Gissa hur mycket jag tycker om dig,	beige
Gittan, Lill-Zlatan och dom andra,	Flerfärgat
Glass,	Flerfärgat
Glass Vit,	Vit
Glassmycken,	Lila
Glitter,	Lila
Glitter Gold,	Guld
Glitter Ocean,	blÅ
Glitter Rose,	ROSA
Glitter bubblegum pink,	ROSA
Glitterfärger,	Flerfärgat
Glittrig,	ROSA
Glittriga tatueringar,	Flerfärgat
Go Bananas,	Gul
Goblin Blue,	BLÅ
Gold,	Guld
Gold Colour,	Guld
Gold Dots,	Guld
Golden Brown,	Brun
Golden Grey,	Grå
Golden Orange,	Orange
Golden Rod,	Guld
Golden Sand,	Guld
Golden Vintage Flower,	Guld
Golden Wings,	Guld
Golden rod,	Guld
Goldie,	Guld
Gorgeous Grey,	Grå
Gorgeous grey,	Grå
Granite,	Grå
Granite Black,	Svart
Granite Gray,	Grå
Granite Melange,	Grå
Grape,	Grå
Grapeade,	Violett
Graphite,	Grå
Graphite Marble,	Grå
Gray Flannel,	Grå
Gray Mist,	Grå
Gray dawn,	Grå
Green,	Grön
Green Aurora,	Grön
Green Bay,	Grön
Green Fish,	Grön
Green Forest,	Grön
Green Gables,	Grön
Green Gecko,	Grön
Green Golf,	Grön
Green Surf,	Grön
Green dino,	Grön
Greta Gris,	Grå
Grey,	Grå
Grey Blue Hex,	BLÅ
Grey Bow,	Grå
Grey Cloud,	Grå
Grey Crystals,	Grå
Grey Dawn,	Grå
Grey Hound,	Grå
Grey Marble,	Grå
Grey Melange,	Grå
Grey Melange Vitt chassi,	Grå
Grey Melange/Black,	Svart
Grey Mesh,	Grå
Grey Mist,	Grå
Grey Moon,	Grå
Grey White Dots,	Grå
Grey dawn,	Grå
Grey golden collection,	Grå
Grey jacquard,	Grå
Grey melange,	Grå
Grey mist,	Grå
Grey orchid,	Grå
Grey/White Dots,	Grå
Grey/White dots,	Grå
Grey/white dots,	Grå
Greyish green,	Grön
Gris,	Grå
Groda,	Grön
Grå,	Grå
Grå Bambu,	Grå
Grå Björn,	Grå
Grå Cirkus,	Grå
Grå Cloud Grey,	Grå
Grå Cool Grey,	Grå
Grå Elefant,	Grå
Grå Giraff,	Grå
Grå Grey melange,	Grå
Grå Hazy Grey,	Grå
Grå Kanin,	Grå
Grå Kronor,	Grå
Grå Mamma´s pojke,	Grå
Grå Melange,	Grå
Grå Randig,	Grå
Grå Siluett,	Grå
Grå Silver,	Grå
Grå Steel Grey,	Grå
Grå Stjärna,	Grå
Grå Stjärnor,	Grå
Grå Storm Grey,	Grå
Grå Triangel,	Grå
Grå och Vit,	Vit
Grå/Blå,	Blå
Grå/Natur,	Grå
Grå/Rosa,	Flerfärgat
Grå/Vit,	Vit
Grå/lila,	Lila
Grå/röd,	Grå
Grå/svart,	Svart
Gråblå,	Blå
Grålaserad,	Grå
Gråmelerad,	Grå
Grön,	Grön
Grön Beige,	Grön
Grön Clover Green,	Grön
Grön Green Aurora,	Grön
Grön Kamouflage,	Grön
Grön Kanin,	Grön
Grön Natur,	Grön
Grön Oliv,	Grön
Grön Traktor,	Grön
Grön/Beige,	Grön
Grön/Blå,	Blå
Grön/Lila,	Lila
Grön/Orange,	Orange
Grön/Vit,	Flerfärgat
Gul,	Gul
Gul Apa,	Gul
Gul Bil,	Gul
Gul Blomma,	Gul
Gul Panda,	Gul
Gul Prick,	Gul
Gul Prickig,	Gul
Gul Racing Yellow,	Gul
Gul Zick Zack,	Gul
Gul/Svart,	Gul
Guld,	Guld
Guld Enhörning,	Guld
Hacheta,	Grön
Haj,	blå
Hajar,	Grå
Hallon,	ROSA
Hamburgare,	Flerfärgat
Happy Day,	blå
Happy Face,	Vit
Happy Hopper,	Grön
Harbor Mist,	Grå
Harbor mist,	Grå
Hare,	Flerfärgat
Harley Nyckelpiga,	Röd
Harvest,	Gul
Havet,	Flerfärgat
Havsdjur,	blå
Hawaiian Blue,	BLÅ
Hawaiian Ocean,	blÅ
Hawaiian ocean,	blÅ
Hazle,	Brun
Hazy Grey Bok/Vit,	Flerfärgat
Heather Grey,	Grå
Heather Rose,	 ROSA
Heather rose,	ROSA
Hello Sunshine,	ROSA
Herr Nilsson,	Flerfärgat
Herringbone,	ROSA
Hickory Stripe,	blÅ
High Risk Red,	Röd
High risk red,	Röd
Himmel,	blÅ
Hingst,	Flerfärgat
Hinkar,	Flerfärgat
Hippo Grey,	Grå
Hjärtan,	Grå
Hockey, Pingis, Bowling, Curling,	Flerfärgat
Holiday,	Röd
Honey Bunny,	Brun
Honeycomb Calm,	beige
Honeycomb Happy,	beige
Hortensia,	Violett
Hot grey,	Grå
Humble Hugo,	blÅ
Hummingbird,	beige
Hummingbirds,	beige
Hund,	Flerfärgat
Hund Blå,	Blå
Hund Grön,	Grön
Hunter,	Grön
Hunter Green Multi Mix,	Grön
Hurricane,	blå
Husdjur,	Flerfärgat
ICE MINT,	Grön
ICE PINK,	ROSA
ICEY PINK,	ROSA
Ice Blue,	BLÅ
Ice Cream,	Flerfärgat
Iceblue,	BLÅ
Icon Grey,	Grå
Icy blue,	BLÅ
Igelkott,	Brun
Illusion Blue,	BLÅ
Illustrerad,	Flerfärgat
Indian Tan,	Brun
Indigo,	blÅ
Indigo Blue,	BLÅ
Infinity Black,	Svart
Infra Red,	Röd
Inventions,	beige
Ior,	blÅ
Iris,	blÅ
Iron,	Röd
Isbjörn,	Flerfärgat
Isbjörn Blå,	Blå
Island Green,	Grön
Ivory,	beige
Ivy Green,	Grön
Ivy green,	Grön
Jadeite,	Grön
Jakten på guldosten,	Guld
Jeans,	blå
Jeans Blue,	BLÅ
Jeans blue,	BLÅ
Jester Red,	Röd
Jet,	blÅ
Jet Black,	Svart
Jojoba,	beige
Jolly Ebbe,	Grå
Jordgubb,	Flerfärgat
Jordgubbe,	Flerfärgat
Jungle Fever,	blÅ
Junior,	Flerfärgat
Juniper Blue,	BLÅ
Kaffe Latte,	lila
Kaki Risotto,	Grön
Kaki/Beige,	Beige
Kaktus,	Grön
Kalv,	Brun
Kameleont,	Grön
Kammo,	Grön
Kanel,	Flerfärgat
Kanin,	beige
Kanin Blue Wave,	BLÅ
Kanin Blå,	Blå
Kanin Dumbo Grey,	Grå
Kanin Faune Green,	Grön
Kanin Grå,	Grå
Kanin Grå/Vit,	Flerfärgat
Kanin Mustard,	Orange
Kanin Rosa,	ROSA
Kanin Rose,	ROSA
Kanin Vit/Grå,	Grå
Kanin och Ko,	Grå
Kartor,	Flerfärgat
Karusell,	Flerfärgat
Kastanj,	Glu
Katt,	ROSA
Katt Dark Rose,	ROSA
Katt Rose,	ROSA
Katt och Hund,	Flerfärgat
Keepsake Lilac,	Lila
Khaki,	Grön
Khaki Green,	Grön
Khaki green,	Grön
Kindly Konrad,	beige
Kindness Cat,	Grå
Kindred Kangaroo,	beige
Kindy,	Röd
Klargul,	Gul
Klarröd,	Röd
Klement Berry,	Violett
Klockbok,	blå
Klumpe Dumpe,	Flerfärgat
Knockout Pink,	ROSA
Ko,	Flerfärgat
Ko Rosa,	ROSA
Kontrast,	Flerfärgat
Koppargrön,	Grön
Koppargrön/Mint,	Grön
Korall,	ROSA
Korall/Rosa,	ROSA
Korg,	beige
Kortspel,	Flerfärgat
Kossa,	Vit
Krabba,	Röd
Kristallpärlor,	blå
Krokodil,	Grön
Kroppen,	Flerfärgat
Lagoon,	blå
Lama,	beige
Lamm,	beige
Lantana,	ROSA
Large,	Grå
Laughing Luna,	Flerfärgat
Lava lamp lime,	blå
Lavastone Black,	Svart
Lavendel,	Violett
Lavender & Yellow,	Gul
Lead,	Grön
Leap Frog,	Grön
Leaves,	Grön
Lejon,	beige
Lejon och Elefant,	Gul
Lemon Yellow,	Gul
Leo,	Gul
Leo Green,	Grön
Leo Off-White,	Vit
Leonardo,	Flerfärgat
Leopard,	beige
Leprechaun,	Grön
Liberty Floral Mini,	ROSA
Light Beige,	Beige
Light Blue,	BLÅ
Light Blue Denim,	BLÅ
Light Brown,	Brun
Light Dusty Blue,	BLÅ
Light Grey,	Grå
Light Grey Melange,	Grå
Light Pink,	ROSA
Light Rose,	ROSA
Light Shadow,	Grön
Light Turquoise,	blÅ
Light blue,	BLÅ
Light blue denim,	BLÅ
Light green,	Grön
Light grey melange,	Grå
Light pink,	ROSA
Light rose,	ROSA
Lightblue,	BLÅ
Lightrose,	ROSA
Lila,	Lila
Lila Hjärtan,	Lila
Lila Mineral Purple,	Lila
Lila Orkide,	Lila
Lila/Grön,	Flerfärgat
Lila/Pastell,	Lila
Lila/Turkos,	Lila
Lilac,	Lila
Lilac Grey,	Lila
Lilac ash,	Lila
Lilas,	Lila
Lilla My Blommor,	ROSA
Lille Skutt,	Flerfärgat
Lille skutt,	Flerfärgat
Lillebror,	blÅ
Lime,	Grön
Limelight,	Glu
Limelight Pineapples,	Grön
Limestone,	Grå
Lindblomsgrön,	Grön
Linen Beige,	Beige
Lion,	Beige
Lionel,	Grå
Litet Hjärta,	Grå
Little Anna,	Flerfärgat
Little Dot Rose,	ROSA
Little Driver,	blÅ
Livet i havet,	blÅ
Lizard Khaki,	Grön
Ljusbeige,	Beige
Ljusblå,	BLÅ
Ljusblå Aqua Blue,	BLÅ
Ljusblå Denim,	BLÅ
Ljusbrun,	Brun
Ljusbrun Stone,	Brun
Ljusebeige,	Beige
Ljusgrå,	Grå
Ljusgrå Randig,	Grå
Ljusgrön,	Grön
Ljusgul,	Gul
Ljuslila,	Lila
Ljusrosa,	ROSA
Ljusturkos,	blÅ
Llama love,	ROSA
Loden Green,	Grön
Loden green,	Grön
Lollipop Pink,	ROSA
Lotus,	ROSA
Lotus Pink,	ROSA
Lounge Lizard,	Flerfärgat
Loveable Ladybug,	ROSA
Lucky Star,	Grön
Lugnt Hav,	blÅ
Lulu Lama,	Vit
Lulworth Blue,	BLÅ
Lysande kompisar,	Flerfärgat
Lyser i mörker,	Flerfärgat
Magic,	Flerfärgat
Magical Princess,	ROSA
Magisk Melodi,	ROSA
Magiska Enhörningar,	Flerfärgat
Magiska enhörningar,	Flerfärgat
Magnet,	Flerfärgat
Magnet Red,	Röd
Magnolia Pink,	ROSA
Mahogany Rose,	ROSA
Majolica Blue,	BLÅ
Malaga Rose,	ROSA
Mallard Blue,	BLÅ
Mango,	Orange
Manhattan Grey,	Grå
Manhattan Grey Plus,	Grå
Marble Black,	Svart
Marble Blue,	BLÅ
Marble Blue Grey,	BLÅ
Marble Grey,	Grå
Marble Pink,	ROSA
Marble White,	Vit
Marin,	blÅ
Marin randig,	Grön
Marin/Ljusblå,	BLÅ
Marinblå,	BLÅ
Marinblå Busunge,	BLÅ
Marinblå/Rosa,	Flerfärgat
Marinblå/Vit,	BLÅ
Marine,	blÅ
Marine blue,	BLÅ
Marino,	blÅ
Marron Clace,	Beige
Mars,	blÅ
Marsala,	Röd
Marseille,	Brun
Marshmallow,	Flerfärgat
Marshmallow White,	Vit
Marvellous Green,	Grön
Marvellous green,	Grön
Matt Black,	Svart
Matt Himmelsblå,	BLÅ
Matt gold/Brass,	Guld
Matt svart,	Svart
Matta färger,	Flerfärgat
Matte Black,	Svart
Mattsvart,	Svart
Mauve Shadow,	lila
Mauve Shadows,	lila
Med lampa,	Grå
Medal Bronze,	Gul
Medal bronze,	Gul
Mediterranea,	blÅ
Medium,	Brun
Medium Blue,	BLÅ
Medium Blue Denim,	BLÅ
Medium Blå Denim,	BLÅ
Medium Grey Melange,	Grå
Medium blue denim,	BLÅ
Melange Grey,	Grå
Melange grey,	Grå
Melerad Antracite,	Grå
Mellow Yellow,	Gul
Melon,	Flerfärgat
Memospel,	Flerfärgat
Mermaid,	Flerfärgat
Mesa Rose,	ROSA
Mesh,	Beige
Metallic,	Grå
Metallic Melange,	Grå
Mid Brown Carbon,	Brun
Midnattsblå,	BLÅ
Midnight,	blÅ
Midnight Bells,	blÅ
Midnight Black,	Svart
Midnight Blue,	BLÅ
Midnight Blue Plus,	BLÅ
Midnight Dust,	Grå
Midnight Grey,	Grå
Midnight black,	Svart
Midnight blue,	BLÅ
Midnight navy,	BLÅ
Midwinter,	Flerfärgat
Mighty Green,	Grön
Mimmi,	ROSA
Mineral Green,	Grön
Mineral Green Bunny,	Grön
Mineral Yellow,	Gul
Mini,	ROSA
Mini Leo,	Brun
Minnesspel,	Flerfärgat
Mint,	Grön
Mint Green,	Grön
Mint Lama,	Grön
Mint Stars,	Grön
Mint Stjärnor,	Grön
Mint block,	Grön
Mint blue heart,	BLÅ
Mint/Aprikos,	Flerfärgat
Mint/Ljusblå,	BLÅ
Mintblå,	BLÅ
Mintgrön,	Grön
Mintgrön Giraff,	Grön
Mintgrön Prickig,	Grön
Mintgrön Soft Mint,	Grön
Minus,	Grön
Misty Blue,	BLÅ
Misty Rose,	ROSA
Misty rose,	ROSA
Mix,	Flerfärgat
Mixade färger,	Flerfärgat
Mocca Bunny,	Brun
Mole,	Grå
Moln,	Grå
Moln Grå,	Grå
Moln Mint,	Grön
Moln Mint/Vit,	Vit
Moln Vit,	Vit
Monogram,	Beige
Monster,	blÅ
Monstera,	Flerfärgat
Monument Black,	Svart
Mood Indigo,	blÅ
Moody Stars,	blÅ
Moonlight Beige,	Beige
Moonlight Blue,	BLÅ
Moonlight blue,	BLÅ
Moonshadow,	Grön
Moonshell,	Beige
Morning Glory,	ROSA
Morning Grey,	Grå
Moss Green,	Grön
Moss Jr,	blÅ
Mossgrön Moss Green,	Grön
Mountain Blue,	BLÅ
Mourning Dove,	Grå
Mr Bear Mustard,	Brun
Multi,	Flerfärgat
Multi Color,	Flerfärgat
Multi sea,	Vit
Multicolor,	Flerfärgat
Multicolors,	Flerfärgat
Multifärg,	Flerfärgat
Mumin,	Flerfärgat
Mumin Blommor Blå,	BLÅ
Mumin Blommor Rosa,	ROSA
Mumin Blå,	BLÅ
Mumin Rosa,	 ROSA
Mumin Valley,	Vit
Muminpappan,	Vit
Mus,	Flerfärgat
Musikalisk,	Flerfärgat
Mustard,	Brun
Mustard Stripe,	Orange
Mustard Yellow,	Gul
Muttern,	Brun
Mysteriet med hålet,	BLÅ
Mystic Pink,	ROSA
Nala,	Beige
Narcissus,	Beige
Narval,	lila
Nasse,	ROSA
Natur,	Beige
Natur Bok/Vit,	Vit
Natur Ek/Vit,	Vit
Natur Natural,	Beige
Natur Ny,	Beige
Natur Vit,	Vit
Natural,	Beige
Naturvit,	Vit
Nautical Blue,	BLÅ
Navy,	BLÅ
Navy Blazer,	BLÅ
Navy Blue,	BLÅ
Navy Boat,	BLÅ
Navy Inc,	BLÅ
Navy Ink,	BLÅ
Navy Iris,	BLÅ
Navy Peony,	BLÅ
Navy Ship,	BLÅ
Navy Snow White,	Vit
Navy blazer,	BLÅ
Navy blå,	BLÅ
Navy jacquard,	BLÅ
Navy multi dots,	BLÅ
Navy/Orange,	BLÅ
Navy/Red,	BLÅ
Navy/red,	BLÅ
Navymelerad,	BLÅ
Naya,	ROSA
Neon,	Flerfärgat
Neon Coral,	ROSA
Neongrön,	Grön
Neonrosa,	 ROSA
Neutral,	Grå
Neutral Grey,	Grå
New Baby Blue,	BLÅ
New Light Blue,	BLÅ
New Navy,	BLÅ
Night Sky,	blÅ
Nimbus Cloud,	Grå
Nimbus Gloud,	Grå
Nitro Black,	Svart
No,	Flerfärgat
Nocturnal/Sail Red,	Röd
Nomad Black,	Svart
Nomad Blue,	BLÅ
Nomad Grey,	Grå
Nora Flodhäst,	Vit
Nordic Leaf,	Grå
North Sea,	BLÅ
Nostalgia Rose,	ROSA
Nostalgia rose,	ROSA
Nova Green,	Grön
Nude,	Beige
Nugget,	Gul
Nugget Gold,	Guld
Nugget gold,	Guld
Nyckelpiga,	Röd
Nytt fäste,	Grå
Oat Yellow,	Gul
Ocean,	blÅ
Ocean Blue,	BLÅ
Ocean Drop,	BLÅ
Ocean Life,	blÅ
Ochre yellow,	Gul
Off White,	Vit
Off white,	Vit
Offwhite,	Vit
Oil Blue,	BLÅ
Oil Green,	Grön
Olaf,	blÅ
Old Rose,	ROSA
Old rose,	ROSA
Olika,	blÅ
Olive,	Grön
Olive Green,	Grön
Olive Leaf,	Grön
Olive Night,	Grön
Olivgrön,	Grön
Ombre Blue,	BLÅ
Ombre blue,	BLÅ
On Fire Terry,	BLÅ
Onesize,	svart
Orange,	Orange
Orange Pop,	Orange
Orange star,	BLÅ
Orchid,	lila
Orchid Ice,	ROSA
Orchid Tint,	ROSA
Orion Blue,	BLÅ
Outer Space,	Flerfärgat
Owl,	Flerfärgat
Owls,	Flerfärgat
Oxford Blue,	BLÅ
Oxford Navy,	BLÅ
Oxford Navy White,	Vit
Pacific Coral,	roSA
Pacific Floral,	Flerfärgat
Paintbrush,	roSA
Pale Dogwood,	roSA
Pale Green,	Grön
Pale Lilac,	Lila
Pale Marigold,	Guld
Pale Mauve,	roSA
Pale Pink,	ROSA
Pale mauve,	ROSA
Paljetter,	Flerfärgat
Palmbeach,	blÅ
Paloma,	Grå
Panda,	Vit
Panda Face,	Vit
Panda Grå,	Grå
Panda Party,	Gul
Panda Party Baby,	ROSA
Panda Svart,	Svart
Panda Svart/Vit,	Vit
Panda grå,	Grå
Pandis,	Vit
Panther Jr,	Brun
Papaya,	ROSA
Papillon,	Flerfärgat
Pappa Åberg,	Flerfärgat
Paris Check,	Grå
Party,	Flerfärgat
Passion Pink,	ROSA
Pastel,	Flerfärgat
Pastell,	Flerfärgat
Pastell Blå,	BLÅ
Pastell Blå/Grön,	 BLÅ
Pastell Grå,	Grå
Pastell Grön,	Grön
Pastell Lila,	Lila
Pastell Peach,	ROSA
Pastell Rosa,	ROSA
Pastell Rosa/Lila,	ROSA
Pastell Svart,	Svart
Pastell rosa,	ROSA
Pastellblå,	BLÅ
Pastellfärger,	Flerfärgat
Pastellrosa,	ROSA
Peach,	ROSA
Peach Blue,	BLÅ
Peach Blush,	ROSA
Peach Whip,	ROSA
Peach blush,	ROSA
Peach melange,	ROSA
Peachskin,	roSA
Peachy,	Beige
Peacoat,	blÅ
Peacock Rose,	ROSA
Pearl,	Grå
Pearl Blue,	BLÅ
Pearl Grey,	Grå
Pearl Grå,	Grå
Pearl Guld,	Guld
Pearled Ivory,	Beige
Pech blush,	ROSA
Pegasus Palace,	Lila
Peka och lyssna,	Flerfärgat
Pekbok,	Flerfärgat
Pelican,	ROSA
Pelican Parade,	ROSA
Penguins,	Flerfärgat
Pepparmint,	Grön
Peps,	Flerfärgat
Peru,	Flerfärgat
Pesto,	Grön
Petite Botanic,	Grå
Petrol,	blÅ
Petrol Heart,	blÅ
Petrol Siluett,	blÅ
Petroleum,	blÅ
Petroleum Blue,	BLÅ
Pewter,	Grå
Peyote Melange,	Grön
Peyote melange,	Grön
Photo flowers,	Lila
Pickled beet,	Violett
Pine Print,	Grå
Pineapple,	Flerfärgat
Pingvin,	Flerfärgat
Pingvin Rose,	ROSA
Pingvin Stone Grey,	Grå
Pink,	ROSA
Pink Blue,	Flerfärgat
Pink Champagne,	ROSA
Pink Dino,	ROSA
Pink Disco,	ROSA
Pink Flamingo,	ROSA
Pink Fox,	ROSA
Pink Glitter,	ROSA
Pink Heart,	ROSA
Pink Lemonade,	ROSA
Pink Nectar,	ROSA
Pink bubble,	ROSA
Pink champagne,	ROSA
Pink gold dots,	ROSA
Pink golden collection,	ROSA
Pink jacquard,	ROSA
Pink nectar,	ROSA
Pink/Gold,	ROSA
Pink/Gold dots,	ROSA
Pink/Multi,	ROSA
Pink/multi,	ROSA
Pink/red,	ROSA
Pink/white,	ROSA
Pinvin,	Grå
Pippi Fikapaus,	Vit
Pippi Herr Nilsson,	Flerfärgat
Pippi Lilla Gubben,	Flerfärgat
Pippi Of Today,	Flerfärgat
Pippi Villa Villekulla,	Flerfärgat
Pippi of Today,	Flerfärgat
Pippis bästa påhitt,	Flerfärgat
Pirat,	Flerfärgat
Pirater,	Flerfärgat
Pirates,	Flerfärgat
Plastic Pink,	ROSA
Playful Pepe,	Grå
Playful Pepe Patch,	Grå
Plommonlila,	Lila
Plum,	violett
Point Break,	Flerfärgat
Pojke,	Flerfärgat
Polisbil,	Flerfärgat
Pollen Yellow,	Gul
Pollen yellow,	Gul
Ponderose Pine,	Grön
Pop-beads,	lila
Pop-up,	Flerfärgat
Popbeads,	ROSA
Popcorn,	Gul
Poppy,	Röd
Porcelain,	blÅ
Port Combi,	lila
Portobello Suede,	Beige
Potpourri,	ROSA
Potpourri Berries,	ROSA
Potpourri Butterflies,	Gul
Potpurri,	ROSA
Powder,	ROSA
Powder Pink,	ROSA
Powder Pink Bow,	ROSA
Powder pink,	ROSA
Premium Black,	Svart
Premium Car Interior,	Svart
Premium Car Interior Black,	Svart
Presentbok,	Flerfärgat
Pressed Leaves Rose,	Rosa
Pretty,	Flerfärgat
Pretty Petrol,	blÅ
Prickar,	Gul
Prickig,	Gul
Prickig Grå,	Grå
Prickig Rosa,	ROSA
Prickig Vit,	Vit
Pride,	Flerfärgat
Primrose Pink,	ROSA
Primrose Yellow,	Gul
Princess,	Flerfärgat
Prinsessa,	Flerfärgat
Prinsessor,	Flerfärgat
Prism Pink,	ROSA
Provincial Blue,	BLÅ
Prune Purple,	Lila
Puderrosa,	ROSA
Puffin Parade,	Röd
Pure Black,	Svart
Purple,	Lila
Pyjamas,	Flerfärgat
Pysselbok,	lila
Pyssla med glitter,	Flerfärgat
Quarry,	Grå
Queen,	Flerfärgat
Quiet Shade,	Grå
Rabbit,	Grå
Rabbit Blue Wave,	BLÅ
Rabbit Dark Rose,	Rosa
Rabbit Mustard,	Brun
Rabbit Rose,	ROSA
Rabbit Sea Blue,	BLÅ
Racing Green,	Grön
Radiant Ray,	blÅ
Radiant grey,	Grå
Rainbow,	ROSA
Rainbow Boards,	Flerfärgat
Rainbow Love,	ROSA
Rainbow Love Sandy,	Beige
Raincoat,	Gul
Rainforest green,	Grön
Rainy Day,	Grå
Raket,	Flerfärgat
Randig,	Grå
Randig Rosa,	ROSA
Randig Sommar,	blÅ
Rapa Valley,	Grön
Raphael,	Flerfärgat
Raspberry,	lila
Raspberry pink,	ROSA
Rebel Green,	Grön
Rebel Poodle,	blÅ
Rebel Poodle Paul,	blÅ
Red,	Röd
Red/multi,	Röd
Redwood,	Röd
Refined Black,	Svart
Regnbåge,	Flerfärgat
Regnbåge Love Sandy,	Beige
Regnbågsfärgad,	Flerfärgat
Ren,	Flerfärgat
Resespel,	Flerfärgat
Resinsmycken,	lila
Retro,	Flerfärgat
Retro Dots,	blÅ
Retro Revolution Light,	blÅ
Rim och ramsor,	Flerfärgat
River Blue,	BLÅ
Riviera Blue,	BLÅ
Roarange,	orange
Rocket,	Flerfärgat
Rosa,	ROSA
Rosa Beige,	ROSA
Rosa Blomma,	ROSA
Rosa Elefant,	ROSA
Rosa Glass,	ROSA
Rosa Hjärtan,	ROSA
Rosa Kanin,	ROSA
Rosa Katt,	ROSA
Rosa Moln,	ROSA
Rosa Mus,	ROSA
Rosa Natur,	ROSA
Rosa Panda,	ROSA
Rosa Pastell,	ROSA
Rosa Pink Lemonade,	ROSA
Rosa Prickig,	ROSA
Rosa Rand,	ROSA
Rosa Randig,	ROSA
Rosa Serene Pink,	ROSA
Rosa Stjärna,	ROSA
Rosa Stjärnor,	ROSA
Rosa Zickzack,	ROSA
Rosa box,	ROSA
Rosa fötter,	ROSA
Rosa grå vit,	ROSA
Rosa hjärta,	ROSA
Rosa mix,	ROSA
Rosa/Blå,	Flerfärgat
Rosa/Grön,	Flerfärgat
Rosa/Multi,	Flerfärgat
Rosa/Natur,	Flerfärgat
Rosa/Orange,	Flerfärgat
Rosa/Turkos,	Flerfärgat
Rosa/Vit,	Flerfärgat
Rosa/guld,	Flerfärgat
Rosa/guldprickar,	Flerfärgat
Rose,	ROSA
Rose Cloud,	ROSA
Rose Dream,	ROSA
Rose Dust,	ROSA
Rose Mix,	ROSA
Rose Multi Mix,	ROSA
Rose Pink,	ROSA
Rose Sandy,	ROSA
Rose Taupe,	ROSA
Rose Wine Melange,	ROSA
Rose cloud,	ROSA
Rose garden collection,	ROSA
Rose/Mustard Stripe,	ROSA
Roseguld,	Guld
Rosewater,	ROSA
Rosewood,	ROSA
Rosin,	Grön
Rost,	orange
Rotting,	beige
Royal blue,	BLÅ
Rubber,	brun
Rumba röd,	Röd
Rymd,	Flerfärgat
Rymden,	Flerfärgat
Rymdraket,	blÅ
Röd,	Röd
Sable,	brun
Safari,	Flerfärgat
Safir,	blÅ
Safir Dotty,	blÅ
Sage,	Flerfärgat
Sage Green,	Grön
Sahara Motif,	Grön
Sail Away,	blÅ
Salute,	Svart
Sand,	beige
Sand Fog,	beige
Sand Melange,	beige
Sand art pink,	ROSA
Sand fog,	beige
Sand/Ash rose,	ROSA
Sandshell,	beige
Sandy,	beige
Sandy Stripe,	blÅ
Sandy stripe,	blÅ
Satin Black,	Svart
Savanna Stripes,	Vit
Sax Jr,	blÅ
Se,	Flerfärgat
Sea,	blÅ
Sea Blue,	BLÅ
Sea Blue Stripe,	BLÅ
Sea Blue/Mustard Stripe,	BLÅ
Sea Creature,	blÅ
Sea Fog,	blÅ
Sea Green Melange,	Grön
Sea Horse,	blÅ
Sea fog,	blÅ
Sea pink,	ROSA
Seacrest,	blÅ
Seagrey,	Grå
Seahorses,	blÅ
Seal Grey,	Grå
Seashell,	Grön
Sedona Sage,	Grön
Selmas Blommor,	Flerfärgat
Senapsgul,	Gul
Sengångare,	beige
Sengångare & Zebra,	Flerfärgat
Sesame,	beige
Shadow Grey,	Grå
Shadow Purple,	Lila
Shadow rose,	ROSA
Sharp Grey,	Grå
Sharp Red,	Röd
Shearling,	beige
Shell,	beige
Shell/Stone,	ROSA
Ship,	blÅ
Shitake Grey,	Grå
Shocking Orange,	Orange
Siffror,	Flerfärgat
Silkesapa,	Grå
Silly Circus,	Gul
Silver,	Silver
Silver Dubbelhjärta,	Silver
Silver Grey,	Grå
Silver Mink,	Silver
Silver Pink,	ROSA
Silver Rosa,	ROSA
Silver line,	Silver
Silver pink,	ROSA
Silver/Deep Black,	Svart
Silver/Grey,	Grå
Silver/Magnolia Pink,	ROSA
Silver/Navy Blue,	BLÅ
Silver/River Blue,	BLÅ
Silver/Soho Grey,	Grå
Silver/charcoal,	Silver
Silverblå,	BLÅ
Silvergrå,	Grå
Singel,	Grå
Sjöjungfrur,	Flerfärgat
Skalman,	Grön
Ski Patrol,	Röd
Skogsdjur,	Flerfärgat
Skogstema,	Grå
Skogsälvor,	Flerfärgat
Skola,	Flerfärgat
Sky Captain Blue,	BLÅ
Sky Grey,	Grå
Sköldpadda,	Grön
Slate,	Grå
Slate Gray,	Grå
Slate Twill,	Grå
Slate/Bird,	BLÅ
Small Dot Black,	Svart
Smoke,	blÅ
Smoke Blue,	BLÅ
Små,	Flerfärgat
Snake,	beige
Snow White,	Vit
Snow White Stripes,	Vit
Snow white,	Vit
Snow white/green,	Vit
Snow white/pink,	Flerfärgat
Snusmumrik,	Silver
Snäckor,	roSA
So Lovely Grå,	Grå
Soft Blue,	BLÅ
Soft Cherry,	Röd
Soft Dots,	roSA
Soft Grey,	Grå
Soft Grey Sprinkless,	Grå
Soft Mint,	Grön
Soft Peach,	roSA
Soft Pink,	Rosa
Soft Rose,	ROSA
Soft rose,	ROSA
Soft rose pink,	Rosa
Soft white,	Vit
Soho Grey,	Grå
Som en sjöjungfru,	Flerfärgat
Sovrum,	Flerfärgat
Space,	blÅ
Space Black,	Svart
Sparrow,	brun
Spectra Yellow,	Gul
Spectra yellow,	Gul
Spicy Mustard,	Gul
Spicy Sprinkles,	brun
Spirit,	Flerfärgat
Spjälsäng,	Grå
Splash,	Flerfärgat
Split Green,	Grön
Split green,	Grön
Spray,	Vit
Spring Blossom Dark,	Svart
Spring Blossom Light,	Flerfärgat
Spring Bud,	Grön
Spring Flowers,	Rosa
Spring bud,	Grön
Standard,	Flerfärgat
Stapeltorn,	Flerfärgat
Star Grå,	Grå
Star Ljusblå,	Blå
Star Rosa,	ROSA
Star Vit,	Vit
Star bright,	ROSA
Star gaze grape,	Grön
Stardust Black Plus,	Svart
Starka färger,	Flerfärgat
Starling,	ROSA
Stars,	roSA
Stars lime,	Grön
Stars rosa,	ROSA
Steel,	Grå
Steel Grey,	Grå
Stella,	blå
Stella Pink,	Rosa
Stella Unicorn,	lila
Stellar,	blå
Sterling Blue,	BLÅ
Stjärna,	Grå
Sto,	Grå
Stone,	Grå
Stone Blue,	BLÅ
Stone Green,	Grön
Stor,	Flerfärgat
Storm Grey,	Grå
Straw,	Rosa
Strawberry,	Rosa
Strawberry Cream,	beige
String,	Röd
Stripe Jr,	blÅ
Stripe Multi,	Flerfärgat
Stripe collection,	Vit
Strl Small,	Flerfärgat
Struts,	Rosa
Studsbollar,	blÅ
Stunning silver,	Silver
Stunt,	Flerfärgat
Stål,	Flerfärgat
Stålgrå,	Grå
Suddisar,	Flerfärgat
Sugar Coral,	Rosa
Sugar Plum,	rosa
Sugar plum,	rosa
Summer,	beige
Summer Storm,	Flerfärgat
Summertime,	rosa
Sunny Coral,	rosa
Sunset Pink,	Rosa
Superhero,	blÅ
Supernova Star,	lila
Surf,	Grön
Surfboard,	Vit
Sv,	Flerfärgat
Svamp,	Rosa
Svan,	rosa
Svan Rosa,	ROSA
Svart,	Svart
Svart Black,	Svart
Svart Black Cab,	Svart
Svart Black melange,	Svart
Svart Black/Gray,	Svart
Svart Cosmos Black,	Svart
Svart Cotton Mix,	Svart
Svart Denim,	Svart
Svart Mesh,	Svart
Svart Night black,	Svart
Svart Ny,	Svart
Svart Vit Guld,	Flerfärgat
Svart XXL,	Svart
Svart XXXL,	Svart
Svart och Reflex,	Svart
Svart och Rosa,	ROSA
Svart och Vit,	Vit
Svart och vit,	Vit
Svart-vit,	Vit
Svart/Grå,	Svart
Svart/Grå Mesh,	Svart
Svart/Grön,	Grön
Svart/Lila,	Lila
Svart/Magnolia Pink,	Rosa
Svart/Natur,	Svart
Svart/Navy Blue,	BLÅ
Svart/Randig,	Svart
Svart/Rosa,	ROSA
Svart/Soho Grey,	Svart
Svart/Vit,	Vit
Svart/grå,	Svart
Svartmelerad,	Svart
Sweet Date,	beige
Sweet Date Flower,	ROSA
Sweet Dreams,	Grön
Sweet Heart,	ROSA
Sweet pink,	Rosa
Sweetiepie,	Rosa
Swinging Sloth,	Grön
Sydafrikanska djur,	Flerfärgat
Sykort,	violett
Tan,	Flerfärgat
Tandem,	Grå
Tannin,	beige
Tar,	Flerfärgat
Taupe,	brun
Taurus,	brun
Tea Rose,	Röd
Teal,	BLÅ
Teal Melange,	BLÅ
Tender Blue,	BLÅ
Terrakotta,	brun
Tess,	Rosa
Tetris Black,	Svart
Throne Grey,	Grå
Thule Blue,	BLÅ
Thunder blue,	BLÅ
Thyme,	Grön
Tiger,	Orange
Tiger Grön,	Grön
Tiger Tango,	Grön
Tile Orange,	Orange
Timeless Green,	Grön
Timeless Grey,	Grå
Timon,	Vit
Tinyflower,	blÅ
Tinyflower Blue,	BLÅ
Tinyflower Honey,	beige
Tipu Tiger,	Orange
Toasted Coconut,	brun
Toffee,	beige
Tofu,	vit
Tofu/Cinnamon,	beige
Tofu/Midnight Blue,	BLÅ
Tolv berättelser om att ha syskon,	Grön
Tomato red,	Röd
Tonal Leaflet,	beige
Total Eclipse,	blÅ
Total eclipse,	blÅ
Totally Roarsome,	Grön
Tottes,	Flerfärgat
Toucans,	beige
Tradewinds,	blÅ
Traktor,	Flerfärgat
Transparent,	Svart
Transparent Blå,	BLÅ
Transparent Rosa,	ROSA
Transparent/Rosa,	ROSA
Transparent/Svart,	Svart
Tree of Life,	Grön
Trellis,	Grön
Trinity,	Vit
Trooper white,	Vit
Tropic Pink/Deep Blush,	Rosa
Tropical,	Flerfärgat
Tropical Island,	Flerfärgat
True Blue,	BLÅ
True Red,	Röd
Trä,	Flerfärgat
Trävita,	beige
Tucan,	Grön
Tukan,	Flerfärgat
Tulipwood,	Lila
Turkos,	blÅ
Turkos Blommor,	blÅ
Turkos/Blå,	BLÅ
Turkos/Vit,	Vit
Turltedove,	beige
Turquise,	blÅ
Turquoise,	blÅ
Turquoise Dino,	blÅ
Turtle,	Grön
Turtle Bay,	blÅ
Turtledove,	Grön
Tut,	Flerfärgat
Tutti Frutti,	Flerfärgat
Twilight Blue,	BLÅ
Ubåt,	Gul
Uggla,	BLÅ
Ugglis,	Röd
Ugglor,	Flerfärgat
Ultra Blue,	BLÅ
Umber,	brun
Una the Unicorn,	BLÅ
Underwater Love,	vit
Unicorn,	rosa
Unicorn Pink,	Rosa
Unicorn Pink Blue,	Flerfärgat
Unicorn Rain,	beige
Unicorn pink,	Rosa
Urban Chic,	Grön
Utan Dyna,	Svart
Utan dyna,	svart
Utan lock,	Flerfärgat
Utrotningshotade Djur Land,	Flerfärgat
Vagn/Vagga,	Vit
Val,	Flerfärgat
Val Grön,	Grön
Vallarta Blue,	BLÅ
Valnöt,	brun
Vanilla,	beige
Vanilla Puppy,	beige
Vanilla White,	Vit
Vanilla White Bunny,	Vit
Varg,	Grå
Vargen,	Grå
Varm Grå,	Grå
Vatten och bad,	Flerfärgat
Vattenbana,	blÅ
Vattenmelon,	Grön
Vattenpärlor,	Flerfärgat
Vattenpärlor refill,	Gul
Vattentät,	beige
Velvet Black,	Svart
Vem gömmer sig,	Flerfärgat
Very Berry,	Rosa
Vi flyger,	blÅ
Vi är Babblarna,	Flerfärgat
Vikings,	Flerfärgat
Vilda djur,	Flerfärgat
Vinröd,	Röd
Vintage Flower,	Grå
Vintage Pink,	Rosa
Vintage indigo,	blÅ
Vintergatan,	blÅ
Vinterskrud,	blÅ
Violet,	Violett
Violet Ice,	Violett
Violet Quartz,	Violett
Violet Stars,	Violett
Vispekbok,	Gul
Vit,	Vit
Vit Benny&Bell,	Vit
Vit Camoflage,	Vit
Vit Enfärgad,	Vit
Vit Grå,	Vit
Vit Isbjörn,	Vit
Vit Ny,	Vit
Vit Stjärna,	Vit
Vit Svan,	Vit
Vit Trekking,	Vit
Vit White,	Vit
Vit XXL,	Vit
Vit XXXL,	Vit
Vit fötter,	Vit
Vit och rosa,	ROSA
Vit/Beige Neutral,	Vit
Vit/Ljusrosa,	ROSA
Vit/Rosa,	ROSA
Vit/lila,	Vit
Vit/silver,	Vit
Vitlaserad,	beige
Vulcano blue,	BLÅ
WHITE/BLACK,	Vit
WHITE/GREEN,	Vit
WHITE/PARTICLE,	Vit
WHITE/PARTICLE GRE,	Vit
WHITE/PINK FOAM,	Flerfärgat
WHITE/WHITE,	Vit
WHITE/WHITE-METALL,	Vit
WHITE/WHITE-PINK R,	Flerfärgat
WHITE/WHITE-WHITE,	Vit
Walnut,	brun
Warm Cerise,	ROSA
Warm Sand,	Gul
Watercolor Splash,	BLÅ
Whale Warf,	BLÅ
Whiskers,	Röd
Whisper Pink,	Rosa
Whisper White,	Vit
White,	Vit
White Aqua,	Vit
White Base,	Vit
White Deep Grey,	Grå
White Mini Cherries,	Vit
White Pepper,	Vit
White Skye,	Vit
White pepper,	Vit
White/Grey picot,	Vit
White/Silver,	Vit
White/Silver dots,	Vit
White/multi,	Vit
Wild Amazon,	Flerfärgat
Wild Blooms Black,	Svart
Wild Blooms black,	Svart
Wild Cat,	BLÅ
Wild Life,	Flerfärgat
Wild Paris,	brun
Wildlife,	brun
Winter day,	brun
Wisteria,	Violett
Wistful Mauve,	Rosa
Withered Rose,	Röd
Wood,	Flerfärgat
Woodland,	Flerfärgat
Woodrose,	Rosa
Wrought Iron,	Grå
Xmas Red,	Röd
Yellow,	Gul
Yellow Anise Flower,	Gul
Yellow Mellow,	Gul
Yellow Mellow/Dark Rose Mix,	Gul
Yin Yang,	Grön
Yokos World,	Rosa
Zebra,	Rosa
Zebra Dark Red,	Röd
Zebra Terracotta,	brun
Zebra-Cadabra,	Röd
Zephyr,	rosa
Zick Zack,	Grå
Zickzack,	lila
Zoo,	Flerfärgat
Zoo Babies,	Flerfärgat
Zoo Smådjur,	Flerfärgat
aktivitetsbok,	Flerfärgat
aqua,	BLÅ
badbok,	BLÅ
batteri,	Flerfärgat
beige,	Beige
bilderbok,	Flerfärgat
black stencil,	Svart
blandade färger,	Flerfärgat
blond,	Flerfärgat
blå,	BLÅ
blå/lila,	Flerfärgat
blå/rosa,	Flerfärgat
bok,	Flerfärgat
brunett,	Brun
cognac,	Brun
colour line,	Flerfärgat
dagbok,	rosa
dark blue/white,	BLÅ
doftfritt,	Vit
figurskuren pekbok,	Gul
finutgåva,	Beige
fästes i handtag,	Vit
för Sleepi Minisäng,	Vit
för Sleepi Spjälsäng,	Vit
för en sits,	Svart
ginger,	Gul
grå,	Grå
grå-melange linen,	Grå
grön,	Grön
grön blå,	BLÅ
gul,	Gul
guld,	Guld
hav,	Flerfärgat
kapitelbok,	Flerfärgat
kartongpek,	Flerfärgat
khaki,	Grön
lic,	Flerfärgat
lila,	Lila
liten,	Flerfärgat
ljud,	Beige
ljudbok,	Flerfärgat
ljusblå,	BLÅ
ljusgrå,	Grå
luftmadrass,	Vit
marinblå,	BLÅ
med ljud,	Flerfärgat
mini,	Flerfärgat
miniböcker,	Lila
målarbok,	Flerfärgat
mörkblå,	BLÅ
natur,	Beige
navy,	BLÅ
offwhite-Pastell Pink,	Rosa
orange,	Orange
orkester,	Flerfärgat
passar Classic,	Grön
passar alla Classic,	Lila
pastell,	Flerfärgat
pekbok,	Flerfärgat
peppermint,	Grön
pysselbok,	Flerfärgat
rosa,	ROSA
röd,	Röd
samlingsvolym,	Flerfärgat
sand,	Beige
seriebok,	Flerfärgat
silver/charcoal,	Silver
sitt- och liggläge,	Beige
små,	Flerfärgat
stora,	Flerfärgat
svart,	Svart
svart/grå,	Svart
till Mysiga stugan,	Beige
till amningskudde,	Grå
toffee,	Beige
tom,	Flerfärgat
turkos,	BLÅ
vagnsbok,	Gul
verktygslåda,	Flerfärgat
vit,	Vit
vit/svart,	Vit
Älg,	Brun
Älg Vit,	Vit
Älvor,	Flerfärgat
Äpple,	Flerfärgat
Äpple/Hallon,	ROSA
Äventyret i Lindrizia,	blÅ
älvor,	ROSA
